{"cameraMode":{"drawMode":0,"name":"Shaded","section":"Shading Mode"},"sceneLighting":true,"audioPlay":false,"sceneViewState":{"showFog":true,"showMaterialUpdate":false,"showSkybox":true,"showFlares":true,"showImageEffects":true,"showParticleSystems":true},"in2DMode":false,"pivot":{"x":2.6333024501800539,"y":2.411905288696289,"z":3.5538768768310549},"rotation":{"x":-0.11703800410032273,"y":0.8708189129829407,"z":-0.25087931752204897,"w":-0.40624725818634035},"size":-0.2482505440711975,"orthographic":false}